{
    "gamma": 0.9973851371173321,
    "alpha": 0.013957168491116266,
    "lambda_": 0.7600464938160896,
    "eps_decay_fraction": 0.5945646306109167
}